"Id","Name","Age","Gender","Weight","Height"
"1","Mehtab1","26","Male","75","75"
"2","UpdatedMehtabName","26","Male","75","75"
"3","Mehtab4","26","Male","75","75"
"4","Mehtab3","26","Male","75","75"
"5","Mehtab1","26","Male","75","75"
"6","Mehtab2","26","Male","75","75"
"7","Mehtab4","26","Male","75","75"
"8","Mehtab3","26","Male","75","75"
"9","Mehtab1","26","Male","75","75"
"10","Mehtab2","26","Male","75","75"
"11","Mehtab4","26","Male","75","75"
"12","Mehtab3","26","Male","75","75"
"13","Mehtab1","26","Male","75","75"
"14","Mehtab2","26","Male","75","75"
"15","Mehtab4","26","Male","75","75"
"16","Mehtab3","26","Male","75","75"
"17","Mehtab1","26","Male","75","75"
"18","Mehtab2","26","Male","75","75"
"19","Mehtab4","26","Male","75","75"
"20","Mehtab3","26","Male","75","75"
"21","Mehtab1","26","Male","75","75"
"22","Mehtab2","26","Male","75","75"
"23","Mehtab4","26","Male","75","75"
"24","Mehtab3","26","Male","75","75"
"25","Mehtab1","26","Male","75","75"
"26","Mehtab2","26","Male","75","75"
"27","Mehtab4","26","Male","75","75"
"28","Mehtab3","26","Male","75","75"
"29","Mehtab1","26","Male","75","75"
"30","Mehtab2","26","Male","75","75"
"31","Mehtab4","26","Male","75","75"
"32","Mehtab3","19","Male","75","75"
"33","Mehtab1","26","Male","75","75"
"34","Mehtab2","26","Male","75","75"
"35","Mehtab4","26","Male","75","75"
"36","Mehtab3","19","Male","75","75"
"37","Mehtab1","26","Male","75","75"
"38","Mehtab2","26","Male","75","75"
"39","Mehtab4","26","Male","75","75"
"40","Mehtab3","19","Male","75","75"
